{"cameraMode":{"drawMode":0,"name":"Shaded","section":"Shading Mode"},"sceneLighting":false,"audioPlay":false,"sceneViewState":{"showFog":true,"showMaterialUpdate":false,"showSkybox":false,"showFlares":true,"showImageEffects":true,"showParticleSystems":true},"in2DMode":false,"pivot":{"x":2.833275556564331,"y":-5.858687877655029,"z":-29.31915283203125},"rotation":{"x":0.019945314154028894,"y":0.9659583568572998,"z":-0.24594220519065858,"w":0.07840742915868759},"size":0.08660218119621277,"orthographic":false}