{"cameraMode":{"drawMode":0,"name":"Shaded","section":"Shading Mode"},"sceneLighting":false,"audioPlay":false,"sceneViewState":{"showFog":true,"showMaterialUpdate":false,"showSkybox":false,"showFlares":true,"showImageEffects":true,"showParticleSystems":true},"in2DMode":false,"pivot":{"x":3.097303628921509,"y":-3.331655979156494,"z":-19.200889587402345},"rotation":{"x":0.019945314154028894,"y":0.9659583568572998,"z":-0.24594220519065858,"w":0.07840742915868759},"size":0.5722392797470093,"orthographic":false}